((1, 2),)
((1, 3),)
((2, 3),)
((2, 4),)
((3, 4),)
((3, 5),)
((4, 5),)
((4, 6),)
((5, 6),)
((5, 7),)
((6, 7),)
((6, 8),)
((7, 8),)
((7, 9),)
((8, 9),)
((8, 10),)
((9, 10),)
((9, 11),)
((10, 11),)
((10, 12),)
((11, 12),)
((11, 13),)
((12, 13),)
((12, 14),)
((13, 14),)
((13, 15),)
((14, 15),)
((14, 16),)
((15, 16),)
((15, 17),)
((16, 17),)
((16, 18),)
((17, 18),)
((17, 19),)
((18, 19),)
((18, 20),)
((19, 20),)
((19, 21),)
((20, 21),)
((20, 22),)
((21, 22),)
((21, 23),)
((22, 23),)
((22, 24),)
((23, 24),)
((23, 25),)
((24, 25),)
((24, 26),)
((25, 26),)
((25, 27),)
((26, 27),)
((26, 28),)
((27, 28),)
((27, 29),)
((28, 29),)
((28, 30),)
((29, 30),)
((29, 31),)
((30, 31),)
((30, 32),)
((31, 32),)
((31, 33),)
((32, 33),)
((32, 34),)
((33, 34),)
((33, 35),)
((34, 35),)
((34, 36),)
((35, 36),)
((35, 37),)
((36, 37),)
((36, 38),)
((37, 38),)
((37, 39),)
((38, 39),)
((38, 40),)
((39, 40),)
((39, 41),)
((40, 41),)
((40, 42),)
((41, 42),)
((41, 43),)
((42, 43),)
((42, 44),)
((43, 44),)
((43, 45),)
((44, 45),)
((44, 46),)
((45, 46),)
((45, 47),)
((46, 47),)
((46, 48),)
((47, 48),)
((47, 49),)
((48, 49),)
((48, 50),)
((49, 50),)
((49, 51),)
((50, 51),)
((50, 52),)
((51, 52),)
((51, 53),)
((52, 53),)
((52, 54),)
((53, 54),)
((53, 55),)
((54, 55),)
((54, 56),)
((55, 56),)
((55, 57),)
((56, 57),)
((56, 58),)
((57, 58),)
((57, 59),)
((58, 59),)
((58, 60),)
((59, 60),)
((59, 61),)
((60, 61),)
((60, 62),)
((61, 62),)
((61, 63),)
((62, 63),)
((62, 64),)
((63, 64),)
((63, 65),)
((64, 65),)
((64, 66),)
((65, 66),)
((65, 67),)
((66, 67),)
((66, 68),)
((67, 68),)
((67, 69),)
((68, 69),)
((68, 70),)
((69, 70),)
((69, 71),)
((70, 71),)
((70, 72),)
((71, 72),)
((71, 73),)
((72, 73),)
((72, 74),)
((73, 74),)
((73, 75),)
((74, 75),)
((74, 76),)
((75, 76),)
((75, 77),)
((76, 77),)
((76, 78),)
((77, 78),)
((77, 79),)
((78, 79),)
((78, 80),)
((79, 80),)
((79, 81),)
((80, 81),)
((80, 82),)
((81, 82),)
((81, 83),)
((82, 83),)
((82, 84),)
((83, 84),)
((83, 85),)
((84, 85),)
((84, 86),)
((85, 86),)
((85, 87),)
((86, 87),)
((86, 88),)
((87, 88),)
((87, 89),)
((88, 89),)
((88, 90),)
((89, 90),)
((89, 91),)
((90, 91),)
((90, 92),)
((91, 92),)
((91, 93),)
((92, 93),)
((92, 94),)
((93, 94),)
((93, 95),)
((94, 95),)
((94, 96),)
((95, 96),)
((95, 97),)
((96, 97),)
((96, 98),)
((97, 98),)
((97, 99),)
((98, 99),)
((98, 100),)
((99, 100),)
((99, 101),)
((100, 101),)
((100, 102),)
((101, 102),)
((101, 103),)
((102, 103),)
((102, 104),)
((103, 104),)
((103, 105),)
((104, 105),)
((104, 106),)
((105, 106),)
((105, 107),)
((106, 107),)
((106, 108),)
((107, 108),)
((107, 109),)
((108, 109),)
((108, 110),)
((109, 110),)
((109, 111),)
((110, 111),)
((110, 112),)
((111, 112),)
((111, 113),)
((112, 113),)
((112, 114),)
((113, 114),)
((113, 115),)
((114, 115),)
((114, 116),)
((115, 116),)
((115, 117),)
((116, 117),)
((116, 118),)
((117, 118),)
((117, 119),)
((118, 119),)
((118, 120),)
((119, 120),)
((119, 121),)
((120, 121),)
((120, 122),)
((121, 122),)
((121, 123),)
((122, 123),)
((122, 124),)
((123, 124),)
((123, 125),)
((124, 125),)
((124, 126),)
((125, 126),)
((125, 127),)
((126, 127),)
((126, 128),)
((127, 128),)
((127, 129),)
((128, 129),)
((128, 130),)
((129, 130),)
((129, 131),)
((130, 131),)
((130, 132),)
((131, 132),)
((131, 133),)
((132, 133),)
((132, 134),)
((133, 134),)
((133, 135),)
((134, 135),)
((134, 136),)
((135, 136),)
((135, 137),)
((136, 137),)
((136, 138),)
((137, 138),)
((137, 139),)
((138, 139),)
((138, 140),)
((139, 140),)
((139, 141),)
((140, 141),)
((140, 142),)
((141, 142),)
((141, 143),)
((142, 143),)
((142, 144),)
((143, 144),)
((143, 145),)
((144, 145),)
((144, 146),)
((145, 146),)
((145, 147),)
((146, 147),)
((146, 148),)
((147, 148),)
((147, 149),)
((148, 149),)
((148, 150),)
((149, 150),)
((149, 151),)
((150, 151),)
((150, 152),)
((151, 152),)
((151, 153),)
((152, 153),)
((152, 154),)
((153, 154),)
((153, 155),)
((154, 155),)
((154, 156),)
((155, 156),)
((155, 157),)
((156, 157),)
((156, 158),)
((157, 158),)
((157, 159),)
((158, 159),)
((158, 160),)
((159, 160),)
((159, 161),)
((160, 161),)
((160, 162),)
((161, 162),)
((161, 163),)
((162, 163),)
((162, 164),)
((163, 164),)
((163, 165),)
((164, 165),)
((164, 166),)
((165, 166),)
((165, 167),)
((166, 167),)
((166, 168),)
((167, 168),)
((167, 169),)
((168, 169),)
((168, 170),)
((169, 170),)
((169, 171),)
((170, 171),)
((170, 172),)
((171, 172),)
((171, 173),)
((172, 173),)
((172, 174),)
((173, 174),)
((173, 175),)
((174, 175),)
((174, 176),)
((175, 176),)
((175, 177),)
((176, 177),)
((176, 178),)
((177, 178),)
((177, 179),)
((178, 179),)
((178, 180),)
((179, 180),)
((179, 181),)
((180, 181),)
((180, 182),)
((181, 182),)
((181, 183),)
((182, 183),)
((182, 184),)
((183, 184),)
((183, 185),)
((184, 185),)
((184, 186),)
((185, 186),)
((185, 187),)
((186, 187),)
((186, 188),)
((187, 188),)
((187, 189),)
((188, 189),)
((188, 190),)
((189, 190),)
((189, 191),)
((190, 191),)
((190, 192),)
((191, 192),)
((191, 193),)
((192, 193),)
((192, 194),)
((193, 194),)
((193, 195),)
((194, 195),)
((194, 196),)
((195, 196),)
((195, 197),)
((196, 197),)
((196, 198),)
((197, 198),)
((197, 199),)
((198, 199),)
((198, 200),)
((199, 200),)
((199, 201),)
((200, 201),)
((200, 202),)
((201, 202),)
((201, 203),)
((202, 203),)
((202, 204),)
((203, 204),)
((203, 205),)
((204, 205),)
((204, 206),)
((205, 206),)
((205, 207),)
((206, 207),)
((206, 208),)
((207, 208),)
((207, 209),)
((208, 209),)
((208, 210),)
((209, 210),)
((209, 211),)
((210, 211),)
((210, 212),)
((211, 212),)
((211, 213),)
((212, 213),)
((212, 214),)
((213, 214),)
((213, 215),)
((214, 215),)
((214, 216),)
((215, 216),)
((215, 217),)
((216, 217),)
((216, 218),)
((217, 218),)
((217, 219),)
((218, 219),)
((218, 220),)
((219, 220),)
((219, 221),)
((220, 221),)
((220, 222),)
((221, 222),)
((221, 223),)
((222, 223),)
((222, 224),)
((223, 224),)
((223, 225),)
((224, 225),)
((224, 226),)
((225, 226),)
((225, 227),)
((226, 227),)
((226, 228),)
((227, 228),)
((227, 229),)
((228, 229),)
((228, 230),)
((229, 230),)
((229, 231),)
((230, 231),)
((230, 232),)
((231, 232),)
((231, 233),)
((232, 233),)
((232, 234),)
((233, 234),)
((233, 235),)
((234, 235),)
((234, 236),)
((235, 236),)
((235, 237),)
((236, 237),)
((236, 238),)
((237, 238),)
((237, 239),)
((238, 239),)
((238, 240),)
((239, 240),)
((239, 241),)
((240, 241),)
((240, 242),)
((241, 242),)
((241, 243),)
((242, 243),)
((242, 244),)
((243, 244),)
((243, 245),)
((244, 245),)
((244, 246),)
((245, 246),)
((245, 247),)
((246, 247),)
((246, 248),)
((247, 248),)
((247, 249),)
((248, 249),)
((248, 250),)
((249, 250),)
((249, 251),)
((250, 251),)
((250, 252),)
((251, 252),)
((251, 253),)
((252, 253),)
((252, 254),)
((253, 254),)
((253, 255),)
((254, 255),)
((254, 256),)
((255, 256),)
((255, 257),)
((256, 257),)
((256, 258),)
((257, 258),)
((257, 259),)
((258, 259),)
((258, 260),)
((259, 260),)
((259, 261),)
((260, 261),)
((260, 262),)
((261, 262),)
((261, 263),)
((262, 263),)
((262, 264),)
((263, 264),)
((263, 265),)
((264, 265),)
((264, 266),)
((265, 266),)
((265, 267),)
((266, 267),)
((266, 268),)
((267, 268),)
((267, 269),)
((268, 269),)
((268, 270),)
((269, 270),)
((269, 271),)
((270, 271),)
((270, 272),)
((271, 272),)
((271, 273),)
((272, 273),)
((272, 274),)
((273, 274),)
((273, 275),)
((274, 275),)
((274, 276),)
((275, 276),)
((275, 277),)
((276, 277),)
((276, 278),)
((277, 278),)
((277, 279),)
((278, 279),)
((278, 280),)
((279, 280),)
((279, 281),)
((280, 281),)
((280, 282),)
((281, 282),)
((281, 283),)
((282, 283),)
((282, 284),)
((283, 284),)
((283, 285),)
((284, 285),)
((284, 286),)
((285, 286),)
((285, 287),)
((286, 287),)
((286, 288),)
((287, 288),)
((287, 289),)
((288, 289),)
((288, 290),)
((289, 290),)
((289, 291),)
((290, 291),)
((290, 292),)
((291, 292),)
((291, 293),)
((292, 293),)
((292, 294),)
((293, 294),)
((293, 295),)
((294, 295),)
((294, 296),)
((295, 296),)
((295, 297),)
((296, 297),)
((296, 298),)
((297, 298),)
((297, 299),)
((298, 299),)
((298, 300),)
((299, 300),)
((299, 301),)
((300, 301),)
((300, 302),)
((301, 302),)
((301, 303),)
((302, 303),)
((302, 304),)
((303, 304),)
((303, 305),)
((304, 305),)
((304, 306),)
((305, 306),)
((305, 307),)
((306, 307),)
((306, 308),)
((307, 308),)
((307, 309),)
((308, 309),)
((308, 310),)
((309, 310),)
((309, 311),)
((310, 311),)
((310, 312),)
((311, 312),)
((311, 313),)
((312, 313),)
((312, 314),)
((313, 314),)
((313, 315),)
((314, 315),)
((314, 316),)
((315, 316),)
((315, 317),)
((316, 317),)
((316, 318),)
((317, 318),)
((317, 319),)
((318, 319),)
((318, 320),)
((319, 320),)
((319, 321),)
((320, 321),)
((320, 322),)
((321, 322),)
((321, 323),)
((322, 323),)
((322, 324),)
((323, 324),)
((323, 325),)
((324, 325),)
((324, 326),)
((325, 326),)
((325, 327),)
((326, 327),)
((326, 328),)
((327, 328),)
((327, 329),)
((328, 329),)
((328, 330),)
((329, 330),)
((329, 331),)
((330, 331),)
((330, 332),)
((331, 332),)
((331, 333),)
((332, 333),)
((332, 334),)
((333, 334),)
((333, 335),)
((334, 335),)
((334, 336),)
((335, 336),)
((335, 337),)
((336, 337),)
((336, 338),)
((337, 338),)
((337, 339),)
((338, 339),)
((338, 340),)
((339, 340),)
((339, 341),)
((340, 341),)
((340, 342),)
((341, 342),)
((341, 343),)
((342, 343),)
((342, 344),)
((343, 344),)
((343, 345),)
((344, 345),)
((344, 346),)
((345, 346),)
((345, 347),)
((346, 347),)
((346, 348),)
((347, 348),)
((347, 349),)
((348, 349),)
((348, 350),)
((349, 350),)
((349, 351),)
((350, 351),)
((350, 352),)
((351, 352),)
((351, 353),)
((352, 353),)
((352, 354),)
((353, 354),)
((353, 355),)
((354, 355),)
((354, 356),)
((355, 356),)
((355, 357),)
((356, 357),)
((356, 358),)
((357, 358),)
((357, 359),)
((358, 359),)
((358, 360),)
((359, 360),)
((359, 361),)
((360, 361),)
((360, 362),)
((361, 362),)
((361, 363),)
((362, 363),)
((362, 364),)
((363, 364),)
((363, 365),)
((364, 365),)
((364, 366),)
((365, 366),)
((365, 367),)
((366, 367),)
((366, 368),)
((367, 368),)
((367, 369),)
((368, 369),)
((368, 370),)
((369, 370),)
((369, 371),)
((370, 371),)
((370, 372),)
((371, 372),)
((371, 373),)
((372, 373),)
((372, 374),)
((373, 374),)
((373, 375),)
((374, 375),)
((374, 376),)
((375, 376),)
((375, 377),)
((376, 377),)
((376, 378),)
((377, 378),)
((377, 379),)
((378, 379),)
((378, 380),)
((379, 380),)
((379, 381),)
((380, 381),)
((380, 382),)
((381, 382),)
((381, 383),)
((382, 383),)
((382, 384),)
((383, 384),)
((383, 385),)
((384, 385),)
((384, 386),)
((385, 386),)
((385, 387),)
((386, 387),)
((386, 388),)
((387, 388),)
((387, 389),)
((388, 389),)
((388, 390),)
((389, 390),)
((389, 391),)
((390, 391),)
((390, 392),)
((391, 392),)
((391, 393),)
((392, 393),)
((392, 394),)
((393, 394),)
((393, 395),)
((394, 395),)
((394, 396),)
((395, 396),)
((395, 397),)
((396, 397),)
((396, 398),)
((397, 398),)
((397, 399),)
((398, 399),)
((398, 400),)
((399, 400),)
((399, 401),)
((400, 401),)
((400, 402),)
((401, 402),)
((401, 403),)
((402, 403),)
((402, 404),)
((403, 404),)
((403, 405),)
((404, 405),)
((404, 406),)
((405, 406),)
((405, 407),)
((406, 407),)
((406, 408),)
((407, 408),)
((407, 409),)
((408, 409),)
((408, 410),)
((409, 410),)
((409, 411),)
((410, 411),)
((410, 412),)
((411, 412),)
((411, 413),)
((412, 413),)
((412, 414),)
((413, 414),)
((413, 415),)
((414, 415),)
((414, 416),)
((415, 416),)
((415, 417),)
((416, 417),)
((416, 418),)
((417, 418),)
((417, 419),)
((418, 419),)
((418, 420),)
((419, 420),)
((419, 421),)
((420, 421),)
((420, 422),)
((421, 422),)
((421, 423),)
((422, 423),)
((422, 424),)
((423, 424),)
((423, 425),)
((424, 425),)
((424, 426),)
((425, 426),)
((425, 427),)
((426, 427),)
((426, 428),)
((427, 428),)
((427, 429),)
((428, 429),)
((428, 430),)
((429, 430),)
((429, 431),)
((430, 431),)
((430, 432),)
((431, 432),)
((431, 433),)
((432, 433),)
((432, 434),)
((433, 434),)
((433, 435),)
((434, 435),)
((434, 436),)
((435, 436),)
((435, 437),)
((436, 437),)
((436, 438),)
((437, 438),)
((437, 439),)
((438, 439),)
((438, 440),)
((439, 440),)
((439, 441),)
((440, 441),)
((440, 442),)
((441, 442),)
((441, 443),)
((442, 443),)
((442, 444),)
((443, 444),)
((443, 445),)
((444, 445),)
((444, 446),)
((445, 446),)
((445, 447),)
((446, 447),)
((446, 448),)
((447, 448),)
((447, 449),)
((448, 449),)
((448, 450),)
((449, 450),)
((449, 451),)
((450, 451),)
((450, 452),)
((451, 452),)
((451, 453),)
((452, 453),)
((452, 454),)
((453, 454),)
((453, 455),)
((454, 455),)
((454, 456),)
((455, 456),)
((455, 457),)
((456, 457),)
((456, 458),)
((457, 458),)
((457, 459),)
((458, 459),)
((458, 460),)
((459, 460),)
((459, 461),)
((460, 461),)
((460, 462),)
((461, 462),)
((461, 463),)
((462, 463),)
((462, 464),)
((463, 464),)
((464, 466),)
((466, 467),)
((466, 468),)
((467, 468),)
((467, 469),)
((468, 469),)
((468, 470),)
((469, 470),)
((469, 471),)
((470, 471),)
((470, 472),)
((471, 472),)
((471, 473),)
((472, 473),)
((472, 474),)
((473, 474),)
((473, 475),)
((474, 475),)
((474, 476),)
((475, 476),)
((475, 477),)
((476, 477),)
((476, 478),)
((477, 478),)
((477, 479),)
((478, 479),)
((478, 480),)
((479, 480),)
((479, 481),)
((480, 481),)
((480, 482),)
((481, 482),)
((481, 483),)
((482, 483),)
((482, 484),)
((483, 484),)
((483, 485),)
((484, 485),)
((484, 486),)
((485, 486),)
((485, 487),)
((486, 487),)
((486, 488),)
((487, 488),)
((487, 489),)
((488, 489),)
((488, 490),)
((489, 490),)
((489, 491),)
((490, 491),)
((490, 492),)
((491, 492),)
((491, 493),)
((492, 493),)
((492, 494),)
((493, 494),)
((493, 495),)
((494, 495),)
((494, 496),)
((495, 496),)
((495, 497),)
((496, 497),)
((496, 498),)
((497, 498),)
((497, 499),)
((498, 499),)
((498, 500),)
((499, 500),)
((499, 501),)
((500, 501),)
((500, 502),)
((501, 502),)
((501, 503),)
((502, 503),)
((502, 504),)
((503, 504),)
((503, 505),)
((504, 505),)
((504, 506),)
((505, 506),)
((505, 507),)
((506, 507),)
((506, 508),)
((507, 508),)
((507, 509),)
((508, 509),)
((508, 510),)
((509, 510),)
((509, 511),)
((510, 511),)
((510, 512),)
((511, 512),)
((511, 513),)
((512, 513),)
((512, 514),)
((513, 514),)
((513, 515),)
((514, 515),)
((514, 516),)
((515, 516),)
((515, 517),)
((516, 517),)
((516, 518),)
((517, 518),)
((517, 519),)
((518, 519),)
((518, 520),)
((519, 520),)
((519, 521),)
((520, 521),)
((520, 522),)
((521, 522),)
((521, 523),)
((522, 523),)
((522, 524),)
((523, 524),)
((523, 525),)
((524, 525),)
((524, 526),)
((525, 526),)
((525, 527),)
((526, 527),)
((526, 528),)
((527, 528),)
((527, 529),)
((528, 529),)
((528, 530),)
((529, 530),)
((529, 531),)
((530, 531),)
((530, 532),)
((531, 532),)
((531, 533),)
((532, 533),)
((532, 534),)
((533, 534),)
((533, 535),)
((534, 535),)
((534, 536),)
((535, 536),)
((535, 537),)
((536, 537),)
((536, 538),)
((537, 538),)
((537, 539),)
((538, 539),)
((538, 540),)
((539, 540),)
((539, 541),)
((540, 541),)
((540, 542),)
((541, 542),)
((541, 543),)
((542, 543),)
((542, 544),)
((543, 544),)
((543, 545),)
((544, 545),)
((544, 546),)
((545, 546),)
((545, 547),)
((546, 547),)
((546, 548),)
((547, 548),)
((547, 549),)
((548, 549),)
((548, 550),)
((549, 550),)
((549, 551),)
((550, 551),)
((550, 552),)
((551, 552),)
((551, 553),)
((552, 553),)
((552, 554),)
((553, 554),)
((553, 555),)
((554, 555),)
((554, 556),)
((555, 556),)
((555, 557),)
((556, 557),)
((556, 558),)
((557, 558),)
((557, 559),)
((558, 559),)
((558, 560),)
((559, 560),)
((559, 561),)
((560, 561),)
((560, 562),)
((561, 562),)
((561, 563),)
((562, 563),)
((562, 564),)
((563, 564),)
((563, 565),)
((564, 565),)
((564, 566),)
((565, 566),)
((565, 567),)
((566, 567),)
((566, 568),)
((567, 568),)
((567, 569),)
((568, 569),)
((568, 570),)
((569, 570),)
((569, 571),)
((570, 571),)
((570, 572),)
((571, 572),)
((571, 573),)
((572, 573),)
((572, 574),)
((573, 574),)
((573, 575),)
((574, 575),)
((574, 576),)
((575, 576),)
((575, 577),)
((576, 577),)
((576, 578),)
((577, 578),)
((577, 579),)
((578, 579),)
((578, 580),)
((579, 580),)
((579, 581),)
((580, 581),)
((580, 582),)
((581, 582),)
((581, 583),)
((582, 583),)
((582, 584),)
((583, 584),)
((583, 585),)
((584, 585),)
((584, 586),)
((585, 586),)
((585, 587),)
((586, 587),)
((586, 588),)
((587, 588),)
((587, 589),)
((588, 589),)
((588, 590),)
((589, 590),)
((589, 591),)
((590, 591),)
((590, 592),)
((591, 592),)
((591, 593),)
((592, 593),)
((592, 594),)
((593, 594),)
((593, 595),)
((594, 595),)
((594, 596),)
((595, 596),)
((595, 597),)
((596, 597),)
((596, 598),)
((597, 598),)
((597, 599),)
((598, 599),)
((598, 600),)
((599, 600),)
((599, 601),)
((600, 601),)
((600, 602),)
((601, 602),)
((601, 603),)
((602, 603),)
((602, 604),)
((603, 604),)
((603, 605),)
((604, 605),)
((604, 606),)
((605, 606),)
((605, 607),)
((606, 607),)
((606, 608),)
((607, 608),)
((607, 609),)
((608, 609),)
((608, 610),)
((609, 610),)
((609, 611),)
((610, 611),)
((610, 612),)
((611, 612),)
((611, 613),)
((612, 613),)
((612, 614),)
((613, 614),)
((613, 615),)
((614, 615),)
((614, 616),)
((615, 616),)
((615, 617),)
((616, 617),)
((616, 618),)
((617, 618),)
((617, 619),)
((618, 619),)
((618, 620),)
((619, 620),)
((619, 621),)
((620, 621),)
((620, 622),)
((621, 622),)
((621, 623),)
((622, 623),)
((622, 624),)
((623, 624),)
((623, 625),)
((624, 625),)
((624, 626),)
((625, 626),)
((625, 627),)
((626, 627),)
((626, 628),)
((627, 628),)
((627, 629),)
((628, 629),)
((628, 630),)
((629, 630),)
((629, 631),)
((630, 631),)
((630, 632),)
((631, 632),)
((631, 633),)
((632, 633),)
((632, 634),)
((633, 634),)
((633, 635),)
((634, 635),)
((634, 636),)
((635, 636),)
((635, 637),)
((636, 637),)
((636, 638),)
((637, 638),)
((637, 639),)
((638, 639),)
((638, 640),)
((639, 640),)
((639, 641),)
((640, 641),)
((640, 642),)
((641, 642),)
((641, 643),)
((642, 643),)
((642, 644),)
((643, 644),)
((643, 645),)
((644, 645),)
((644, 646),)
((645, 646),)
((645, 647),)
((646, 647),)
((646, 648),)
((647, 648),)
((647, 649),)
((648, 649),)
((648, 650),)
((649, 650),)
((649, 651),)
((650, 651),)
((650, 652),)
((651, 652),)
((651, 653),)
((652, 653),)
((652, 654),)
((653, 654),)
((653, 655),)
((654, 655),)
((654, 656),)
((655, 656),)
((655, 657),)
((656, 657),)
((656, 658),)
((657, 658),)
((657, 659),)
((658, 659),)
((658, 660),)
((659, 660),)
((659, 661),)
((660, 661),)
((660, 662),)
((661, 662),)
((661, 663),)
((662, 663),)
((662, 664),)
((663, 664),)
((663, 665),)
((664, 665),)
((664, 666),)
((665, 666),)
((665, 667),)
((666, 667),)
((666, 668),)
((667, 668),)
((667, 669),)
((668, 669),)
((668, 670),)
((669, 670),)
((669, 671),)
((670, 671),)
((670, 672),)
((671, 672),)
((671, 673),)
((672, 673),)
((672, 674),)
((673, 674),)
((673, 675),)
((674, 675),)
((674, 676),)
((675, 676),)
((675, 677),)
((676, 677),)
((676, 678),)
((677, 678),)
((677, 679),)
((678, 679),)
((678, 680),)
((679, 680),)
((679, 681),)
((680, 681),)
((680, 682),)
((681, 682),)
((681, 683),)
((682, 683),)
((682, 684),)
((683, 684),)
((683, 685),)
((684, 685),)
((684, 686),)
((685, 686),)
((685, 687),)
((686, 687),)
((686, 688),)
((687, 688),)
((687, 689),)
((688, 689),)
((688, 690),)
((689, 690),)
((689, 691),)
((690, 691),)
((690, 692),)
((691, 692),)
((691, 693),)
((692, 693),)
((692, 694),)
((693, 694),)
((693, 695),)
((694, 695),)
((694, 696),)
((695, 696),)
((695, 697),)
((696, 697),)
((696, 698),)
((697, 698),)
((697, 699),)
((698, 699),)
((698, 700),)
((699, 700),)
((699, 701),)
((700, 701),)
((700, 702),)
((701, 702),)
((701, 703),)
((702, 703),)
((702, 704),)
((703, 704),)
((703, 705),)
((704, 705),)
((704, 706),)
((705, 706),)
((705, 707),)
((706, 707),)
((706, 708),)
((707, 708),)
((707, 709),)
((708, 709),)
((708, 710),)
((709, 710),)
((709, 711),)
((710, 711),)
((710, 712),)
((711, 712),)
((711, 713),)
((712, 713),)
((712, 714),)
((713, 714),)
((713, 715),)
((714, 715),)
((714, 716),)
((715, 716),)
((715, 717),)
((716, 717),)
((716, 718),)
((717, 718),)
((717, 719),)
((718, 719),)
((718, 720),)
((719, 720),)
((719, 721),)
((720, 721),)
((720, 722),)
((721, 722),)
((721, 723),)
((722, 723),)
((722, 724),)
((723, 724),)
((723, 725),)
((724, 725),)
((724, 726),)
((725, 726),)
((725, 727),)
((726, 727),)
((726, 728),)
((727, 728),)
((727, 729),)
((728, 729),)
((728, 730),)
((729, 730),)
((729, 731),)
((730, 731),)
((730, 732),)
((731, 732),)
((731, 733),)
((732, 733),)
((732, 734),)
((733, 734),)
((733, 735),)
((734, 735),)
((734, 736),)
((735, 736),)
((735, 737),)
((736, 737),)
((736, 738),)
((737, 738),)
((737, 739),)
((738, 739),)
((738, 740),)
((739, 740),)
((739, 741),)
((740, 741),)
((740, 742),)
((741, 742),)
((741, 743),)
((742, 743),)
((742, 744),)
((743, 744),)
((743, 745),)
((744, 745),)
((744, 746),)
((745, 746),)
((745, 747),)
((746, 747),)
((746, 748),)
((747, 748),)
((747, 749),)
((748, 749),)
((748, 750),)
((749, 750),)
((749, 751),)
((750, 751),)
((750, 752),)
((751, 752),)
((751, 753),)
((752, 753),)
((752, 754),)
((753, 754),)
((753, 755),)
((754, 755),)
((754, 756),)
((755, 756),)
((755, 757),)
((756, 757),)
((756, 758),)
((757, 758),)
((757, 759),)
((758, 759),)
((758, 760),)
((759, 760),)
((759, 761),)
((760, 761),)
((760, 762),)
((761, 762),)
((761, 763),)
((762, 763),)
((762, 764),)
((763, 764),)
((763, 765),)
((764, 765),)
((764, 766),)
((765, 766),)
((765, 767),)
((766, 767),)
((766, 768),)
((767, 768),)
((767, 769),)
((768, 769),)
((768, 770),)
((769, 770),)
((769, 771),)
((770, 771),)
((770, 772),)
((771, 772),)
((771, 773),)
((772, 773),)
((772, 774),)
((773, 774),)
((773, 775),)
((774, 775),)
((774, 776),)
((775, 776),)
((775, 777),)
((776, 777),)
((776, 778),)
((777, 778),)
((777, 779),)
((778, 779),)
((778, 780),)
((779, 780),)
((779, 781),)
((780, 781),)
((780, 782),)
((781, 782),)
((781, 783),)
((782, 783),)
((782, 784),)
((783, 784),)
((783, 785),)
((784, 785),)
((784, 786),)
((785, 786),)
((785, 787),)
((786, 787),)
((786, 788),)
((787, 788),)
((787, 789),)
((788, 789),)
((788, 790),)
((789, 790),)
((789, 791),)
((790, 791),)
((790, 792),)
((791, 792),)
((791, 793),)
((792, 793),)
((792, 794),)
((793, 794),)
((793, 795),)
((794, 795),)
((794, 796),)
((795, 796),)
((795, 797),)
((796, 797),)
((796, 798),)
((797, 798),)
((797, 799),)
((798, 799),)
((798, 800),)
((799, 800),)
((799, 801),)
((800, 801),)
((800, 802),)
((801, 802),)
((801, 803),)
((802, 803),)
((802, 804),)
((803, 804),)
((803, 805),)
((804, 805),)
((804, 806),)
((805, 806),)
((805, 807),)
((806, 807),)
((806, 808),)
((807, 808),)
((807, 809),)
((808, 809),)
((808, 810),)
((809, 810),)
((809, 811),)
((810, 811),)
((810, 812),)
((811, 812),)
((811, 813),)
((812, 813),)
((812, 814),)
((813, 814),)
((813, 815),)
((814, 815),)
((814, 816),)
((815, 816),)
((815, 817),)
((816, 817),)
((816, 818),)
((817, 818),)
((817, 819),)
((818, 819),)
((818, 820),)
((819, 820),)
((819, 821),)
((820, 821),)
((820, 822),)
((821, 822),)
((821, 823),)
((822, 823),)
((822, 824),)
((823, 824),)
((823, 825),)
((824, 825),)
((824, 826),)
((825, 826),)
((825, 827),)
((826, 827),)
((826, 828),)
((827, 828),)
((827, 829),)
((828, 829),)
((828, 830),)
((829, 830),)
((829, 831),)
((830, 831),)
((830, 832),)
((831, 832),)
((831, 833),)
((832, 833),)
((832, 834),)
((833, 834),)
((833, 835),)
((834, 835),)
((834, 836),)
((835, 836),)
((835, 837),)
((836, 837),)
((836, 838),)
((837, 838),)
((837, 839),)
((838, 839),)
((838, 840),)
((839, 840),)
((839, 841),)
((840, 841),)
((840, 842),)
((841, 842),)
((841, 843),)
((842, 843),)
((842, 844),)
((843, 844),)
((843, 845),)
((844, 845),)
((844, 846),)
((845, 846),)
((845, 847),)
((846, 847),)
((846, 848),)
((847, 848),)
((847, 849),)
((848, 849),)
((848, 850),)
((849, 850),)
((849, 851),)
((850, 851),)
((850, 852),)
((851, 852),)
((851, 853),)
((852, 853),)
((852, 854),)
((853, 854),)
((853, 855),)
((854, 855),)
((854, 856),)
((855, 856),)
((855, 857),)
((856, 857),)
((856, 858),)
((857, 858),)
((857, 859),)
((858, 859),)
((858, 860),)
((859, 860),)
((859, 861),)
((860, 861),)
((860, 862),)
((861, 862),)
((861, 863),)
((862, 863),)
((862, 864),)
((863, 864),)
((863, 865),)
((864, 865),)
((864, 866),)
((865, 866),)
((865, 867),)
((866, 867),)
((866, 868),)
((867, 868),)
((867, 869),)
((868, 869),)
((868, 870),)
((869, 870),)
((869, 871),)
((870, 871),)
((870, 872),)
((871, 872),)
((871, 873),)
((872, 873),)
((872, 874),)
((873, 874),)
((873, 875),)
((874, 875),)
((874, 876),)
((875, 876),)
((875, 877),)
((876, 877),)
((876, 878),)
((877, 878),)
((877, 879),)
((878, 879),)
((878, 880),)
((879, 880),)
((879, 881),)
((880, 881),)
((880, 882),)
((881, 882),)
((881, 883),)
((882, 883),)
((882, 884),)
((883, 884),)
((883, 885),)
((884, 885),)
((884, 886),)
((885, 886),)
((885, 887),)
((886, 887),)
((886, 888),)
((887, 888),)
((887, 889),)
((888, 889),)
((888, 890),)
((889, 890),)
((889, 891),)
((890, 891),)
((890, 892),)
((891, 892),)
((891, 893),)
((892, 893),)
((892, 894),)
((893, 894),)
((893, 895),)
((894, 895),)
((894, 896),)
((895, 896),)
((895, 897),)
((896, 897),)
((896, 898),)
((897, 898),)
((897, 899),)
((898, 899),)
((898, 900),)
((899, 900),)
((899, 901),)
((900, 901),)
((900, 902),)
((901, 902),)
((901, 903),)
((902, 903),)
((902, 904),)
((903, 904),)
((903, 905),)
((904, 905),)
((904, 906),)
((905, 906),)
((905, 907),)
((906, 907),)
((906, 908),)
((907, 908),)
((907, 909),)
((908, 909),)
((908, 910),)
((909, 910),)
((909, 911),)
((910, 911),)
((910, 912),)
((911, 912),)
((911, 913),)
((912, 913),)
((912, 914),)
((913, 914),)
((913, 915),)
((914, 915),)
((914, 916),)
((915, 916),)
((915, 917),)
((916, 917),)
((916, 918),)
((917, 918),)
((917, 919),)
((918, 919),)
((918, 920),)
((919, 920),)
((919, 921),)
((920, 921),)
((920, 922),)
((921, 922),)
((921, 923),)
((922, 923),)
((922, 924),)
((923, 924),)
((923, 925),)
((924, 925),)
((924, 926),)
((925, 926),)
((925, 927),)
((926, 927),)
((926, 928),)
((927, 928),)
((927, 929),)
((928, 929),)
((928, 930),)
((929, 930),)
((929, 931),)
((930, 931),)
((930, 932),)
((931, 932),)
((931, 933),)
((932, 933),)
((932, 934),)
((933, 934),)
((933, 935),)
((934, 935),)
((934, 936),)
((935, 936),)
((935, 937),)
((936, 937),)
((936, 938),)
((937, 938),)
((937, 939),)
((938, 939),)
((938, 940),)
((939, 940),)
((939, 941),)
((940, 941),)
((940, 942),)
((941, 942),)
((941, 943),)
((942, 943),)
((942, 944),)
((943, 944),)
((943, 945),)
((944, 945),)
((944, 946),)
((945, 946),)
((945, 947),)
((946, 947),)
((946, 948),)
((947, 948),)
((947, 949),)
((948, 949),)
((948, 950),)
((949, 950),)
((949, 951),)
((950, 951),)
((950, 952),)
((951, 952),)
((951, 953),)
((952, 953),)
((952, 954),)
((953, 954),)
((953, 955),)
((954, 955),)
((954, 956),)
((955, 956),)
((955, 957),)
((956, 957),)
((956, 958),)
((957, 958),)
((957, 959),)
((958, 959),)
((958, 960),)
((959, 960),)
((959, 961),)
((960, 961),)
((960, 962),)
((961, 962),)
((961, 963),)
((962, 963),)
((962, 964),)
((963, 964),)
((963, 965),)
((964, 965),)
((964, 966),)
((965, 966),)
((965, 967),)
((966, 967),)
((966, 968),)
((967, 968),)
((967, 969),)
((968, 969),)
((968, 970),)
((969, 970),)
((969, 971),)
((970, 971),)
((970, 972),)
((971, 972),)
((971, 973),)
((972, 973),)
((972, 974),)
((973, 974),)
((973, 975),)
((974, 975),)
((974, 976),)
((975, 976),)
((975, 977),)
((976, 977),)
((976, 978),)
((977, 978),)
((977, 979),)
((978, 979),)
((978, 980),)
((979, 980),)
((979, 981),)
((980, 981),)
((980, 982),)
((981, 982),)
((981, 983),)
((982, 983),)
((982, 984),)
((983, 984),)
((983, 985),)
((984, 985),)
((984, 986),)
((985, 986),)
((985, 987),)
((986, 987),)
((986, 988),)
((987, 988),)
((987, 989),)
((988, 989),)
((988, 990),)
((989, 990),)
((989, 991),)
((990, 991),)
((990, 992),)
((991, 992),)
((991, 993),)
((992, 993),)
((992, 994),)
((993, 994),)
((993, 995),)
((994, 995),)
((994, 996),)
((995, 996),)
((995, 997),)
((996, 997),)
((996, 998),)
((997, 998),)
((997, 999),)
((998, 999),)
((998, 1000),)
((999, 1000),)
((999, 1001),)
((1000, 1001),)
((1000, 1002),)
((1001, 1002),)
((1001, 1003),)
((1002, 1003),)
((1002, 1004),)
((1003, 1004),)
((1003, 1005),)
((1004, 1005),)
((1004, 1006),)
((1005, 1006),)
((1005, 1007),)
((1006, 1007),)
((1006, 1008),)
((1007, 1008),)
((1007, 1009),)
((1008, 1009),)
((1008, 1010),)
((1009, 1010),)
((1009, 1011),)
((1010, 1011),)
((1010, 1012),)
((1011, 1012),)
((1011, 1013),)
((1012, 1013),)
((1012, 1014),)
((1013, 1014),)
((1013, 1015),)
((1014, 1015),)
((1014, 1016),)
((1015, 1016),)
((1015, 1017),)
((1016, 1017),)
((1016, 1018),)
((1017, 1018),)
((1017, 1019),)
((1018, 1019),)
((1018, 1020),)
((1019, 1020),)
((1019, 1021),)
((1020, 1021),)
((1020, 1022),)
((1021, 1022),)
((1021, 1023),)
((1022, 1023),)
((1022, 1024),)
((1023, 1024),)
((1023, 1025),)
((1024, 1025),)
((1024, 1026),)
((1025, 1026),)
((1025, 1027),)
((1026, 1027),)
((1026, 1028),)
((1027, 1028),)
((1027, 1029),)
((1028, 1029),)
((1028, 1030),)
((1029, 1030),)
((1029, 1031),)
((1030, 1031),)
((1030, 1032),)
((1031, 1032),)
((1031, 1033),)
((1032, 1033),)
((1032, 1034),)
((1033, 1034),)
((1033, 1035),)
((1034, 1035),)
((1034, 1036),)
((1035, 1036),)
((1035, 1037),)
((1036, 1037),)
((1036, 1038),)
((1037, 1038),)
((1037, 1039),)
((1038, 1039),)
((1038, 1040),)
((1039, 1040),)
((1039, 1041),)
((1040, 1041),)
((1040, 1042),)
((1041, 1042),)
((1041, 1043),)
((1042, 1043),)
((1042, 1044),)
((1043, 1044),)
((1043, 1045),)
((1044, 1045),)
((1044, 1046),)
((1045, 1046),)
((1045, 1047),)
((1046, 1047),)
((1046, 1048),)
((1047, 1048),)
((1047, 1049),)
((1048, 1049),)
((1048, 1050),)
((1049, 1050),)
((1049, 1051),)
((1050, 1051),)
((1050, 1052),)
((1051, 1052),)
((1051, 1053),)
((1052, 1053),)
((1052, 1054),)
((1053, 1054),)
((1053, 1055),)
((1054, 1055),)
((1054, 1056),)
((1055, 1056),)
((1055, 1057),)
((1056, 1057),)
((1056, 1058),)
((1057, 1058),)
((1057, 1059),)
((1058, 1059),)
((1058, 1060),)
((1059, 1060),)
((1059, 1061),)
((1060, 1061),)
((1060, 1062),)
((1061, 1062),)
((1061, 1063),)
((1062, 1063),)
((1062, 1064),)
((1063, 1064),)
((1063, 1065),)
((1064, 1065),)
((1064, 1066),)
((1065, 1066),)
((1065, 1067),)
((1066, 1067),)
((1066, 1068),)
((1067, 1068),)
((1067, 1069),)
((1068, 1069),)
((1068, 1070),)
((1069, 1070),)
((1069, 1071),)
((1070, 1071),)
((1070, 1072),)
((1071, 1072),)
((1071, 1073),)
((1072, 1073),)
((1072, 1074),)
((1073, 1074),)
((1073, 1075),)
((1074, 1075),)
((1074, 1076),)
((1075, 1076),)
((1075, 1077),)
((1076, 1077),)
((1076, 1078),)
((1077, 1078),)
((1077, 1079),)
((1078, 1079),)
((1078, 1080),)
((1079, 1080),)
((1079, 1081),)
((1080, 1081),)
((1080, 1082),)
((1081, 1082),)
((1081, 1083),)
((1082, 1083),)
((1082, 1084),)
((1083, 1084),)
((1083, 1085),)
((1084, 1085),)
((1084, 1086),)
((1085, 1086),)
((1085, 1087),)
((1086, 1087),)
((1086, 1088),)
((1087, 1088),)
((1087, 1089),)
((1088, 1089),)
((1088, 1090),)
((1089, 1090),)
((1089, 1091),)
((1090, 1091),)
((1090, 1092),)
((1091, 1092),)
((1091, 1093),)
((1092, 1093),)
((1092, 1094),)
((1093, 1094),)
((1093, 1095),)
((1094, 1095),)
((1094, 1096),)
((1095, 1096),)
((1095, 1097),)
((1096, 1097),)
((1096, 1098),)
((1097, 1098),)
((1097, 1099),)
((1098, 1099),)
((1098, 1100),)
((1099, 1100),)
((1099, 1101),)
((1100, 1101),)
((1100, 1102),)
((1101, 1102),)
((1101, 1103),)
((1102, 1103),)
((1102, 1104),)
((1103, 1104),)
((1103, 1105),)
((1104, 1105),)
((1104, 1106),)
((1105, 1106),)
((1105, 1107),)
((1106, 1107),)
((1106, 1108),)
((1107, 1108),)
((1107, 1109),)
((1108, 1109),)
((1108, 1110),)
((1109, 1110),)
((1109, 1111),)
((1110, 1111),)
((1110, 1112),)
((1111, 1112),)
((1111, 1113),)
((1112, 1113),)
((1112, 1114),)
((1113, 1114),)
((1113, 1115),)
((1114, 1115),)
((1114, 1116),)
((1115, 1116),)
((1115, 1117),)
((1116, 1117),)
((1116, 1118),)
((1117, 1118),)
((1117, 1119),)
((1118, 1119),)
((1118, 1120),)
((1119, 1120),)
((1119, 1121),)
((1120, 1121),)
((1120, 1122),)
((1121, 1122),)
((1121, 1123),)
((1122, 1123),)
((1122, 1124),)
((1123, 1124),)
((1123, 1125),)
((1124, 1125),)
((1124, 1126),)
((1125, 1126),)
((1125, 1127),)
((1126, 1127),)
((1126, 1128),)
((1127, 1128),)
((1127, 1129),)
((1128, 1129),)
((1128, 1130),)
((1129, 1130),)
((1129, 1131),)
((1130, 1131),)
((1130, 1132),)
((1131, 1132),)
((1131, 1133),)
((1132, 1133),)
((1132, 1134),)
((1133, 1134),)
((1133, 1135),)
((1134, 1135),)
((1134, 1136),)
((1135, 1136),)
((1135, 1137),)
((1136, 1137),)
((1136, 1138),)
((1137, 1138),)
((1137, 1139),)
((1138, 1139),)
((1138, 1140),)
((1139, 1140),)
((1139, 1141),)
((1140, 1141),)
((1140, 1142),)
((1141, 1142),)
((1141, 1143),)
((1142, 1143),)
((1142, 1144),)
((1143, 1144),)
((1143, 1145),)
((1144, 1145),)
((1144, 1146),)
((1145, 1146),)
((1145, 1147),)
((1146, 1147),)
((1146, 1148),)
((1147, 1148),)
((1147, 1149),)
((1148, 1149),)
((1148, 1150),)
((1149, 1150),)
((1149, 1151),)
((1150, 1151),)
((1150, 1152),)
((1151, 1152),)
((1151, 1153),)
((1152, 1153),)
((1152, 1154),)
((1153, 1154),)
((1153, 1155),)
((1154, 1155),)
((1154, 1156),)
((1155, 1156),)
((1155, 1157),)
((1156, 1157),)
((1156, 1158),)
((1157, 1158),)
((1157, 1159),)
((1158, 1159),)
((1158, 1160),)
((1159, 1160),)
((1159, 1161),)
((1160, 1161),)
((1160, 1162),)
((1161, 1162),)
((1161, 1163),)
((1162, 1163),)
((1162, 1164),)
((1163, 1164),)
((1163, 1165),)
((1164, 1165),)
((1164, 1166),)
((1165, 1166),)
((1165, 1167),)
((1166, 1167),)
((1166, 1168),)
((1167, 1168),)
((1167, 1169),)
((1168, 1169),)
((1168, 1170),)
((1169, 1170),)
((1169, 1171),)
((1170, 1171),)
((1170, 1172),)
((1171, 1172),)
((1171, 1173),)
((1172, 1173),)
((1172, 1174),)
((1173, 1174),)
((1173, 1175),)
((1174, 1175),)
((1174, 1176),)
((1175, 1176),)
((1175, 1177),)
((1176, 1177),)
((1176, 1178),)
((1177, 1178),)
((1177, 1179),)
((1178, 1179),)
((1178, 1180),)
((1179, 1180),)
((1179, 1181),)
((1180, 1181),)
((1180, 1182),)
((1181, 1182),)
((1181, 1183),)
((1182, 1183),)
((1182, 1184),)
((1183, 1184),)
((1183, 1185),)
((1184, 1185),)
((1184, 1186),)
((1185, 1186),)
((1185, 1187),)
((1186, 1187),)
((1186, 1188),)
((1187, 1188),)
((1187, 1189),)
((1188, 1189),)
((1188, 1190),)
((1189, 1190),)
((1189, 1191),)
((1190, 1191),)
((1190, 1192),)
((1191, 1192),)
((1191, 1193),)
((1192, 1193),)
((1192, 1194),)
((1193, 1194),)
((1193, 1195),)
((1194, 1195),)
((1194, 1196),)
((1195, 1196),)
((1195, 1197),)
((1196, 1197),)
((1196, 1198),)
((1197, 1198),)
((1197, 1199),)
((1198, 1199),)
((1198, 1200),)
((1199, 1200),)
((1199, 1201),)
((1200, 1201),)
((1200, 1202),)
((1201, 1202),)
((1201, 1203),)
((1202, 1203),)
((1202, 1204),)
((1203, 1204),)
((1203, 1205),)
((1204, 1205),)
((1204, 1206),)
((1205, 1206),)
((1205, 1207),)
((1206, 1207),)
((1206, 1208),)
((1207, 1208),)
((1207, 1209),)
((1208, 1209),)
((1208, 1210),)
((1209, 1210),)
((1209, 1211),)
((1210, 1211),)
((1210, 1212),)
((1211, 1212),)
((1211, 1213),)
((1212, 1213),)
((1212, 1214),)
((1213, 1214),)
((1213, 1215),)
((1214, 1215),)
((1214, 1216),)
((1215, 1216),)
((1215, 1217),)
((1216, 1217),)
((1216, 1218),)
((1217, 1218),)
((1217, 1219),)
((1218, 1219),)
((1218, 1220),)
((1219, 1220),)
((1219, 1221),)
((1220, 1221),)
((1220, 1222),)
((1221, 1222),)
((1221, 1223),)
((1222, 1223),)
((1222, 1224),)
((1223, 1224),)
((1223, 1225),)
((1224, 1225),)
((1224, 1226),)
((1225, 1226),)
((1225, 1227),)
((1226, 1227),)
((1226, 1228),)
((1227, 1228),)
((1227, 1229),)
((1228, 1229),)
((1228, 1230),)
((1229, 1230),)
((1229, 1231),)
((1230, 1231),)
((1230, 1232),)
((1231, 1232),)
((1231, 1233),)
((1232, 1233),)
((1232, 1234),)
((1233, 1234),)
((1233, 1235),)
((1234, 1235),)
((1234, 1236),)
((1235, 1236),)
((1235, 1237),)
((1236, 1237),)
((1236, 1238),)
((1237, 1238),)
((1237, 1239),)
((1238, 1239),)
((1238, 1240),)
((1239, 1240),)
((1239, 1241),)
((1240, 1241),)
((1240, 1242),)
((1241, 1242),)
((1241, 1243),)
((1242, 1243),)
((1242, 1244),)
((1243, 1244),)
((1243, 1245),)
((1244, 1245),)
((1244, 1246),)
((1245, 1246),)
((1245, 1247),)
((1246, 1247),)
((1246, 1248),)
((1247, 1248),)
((1247, 1249),)
((1248, 1249),)
((1248, 1250),)
((1249, 1250),)
((1249, 1251),)
((1250, 1251),)
((1250, 1252),)
((1251, 1252),)
((1251, 1253),)
((1252, 1253),)
((1252, 1254),)
((1253, 1254),)
((1253, 1255),)
((1254, 1255),)
((1254, 1256),)
((1255, 1256),)
((1255, 1257),)
((1256, 1257),)
((1256, 1258),)
((1257, 1258),)
((1257, 1259),)
((1258, 1259),)
((1258, 1260),)
((1259, 1260),)
((1259, 1261),)
((1260, 1261),)
((1260, 1262),)
((1261, 1262),)
((1261, 1263),)
((1262, 1263),)
((1262, 1264),)
((1263, 1264),)
((1263, 1265),)
((1264, 1265),)
((1264, 1266),)
((1265, 1266),)
((1265, 1267),)
((1266, 1267),)
((1266, 1268),)
((1267, 1268),)
((1267, 1269),)
((1268, 1269),)
((1268, 1270),)
((1269, 1270),)
((1269, 1271),)
((1270, 1271),)
((1270, 1272),)
((1271, 1272),)
((1271, 1273),)
((1272, 1273),)
((1272, 1274),)
((1273, 1274),)
((1273, 1275),)
((1274, 1275),)
((1274, 1276),)
((1275, 1276),)
((1275, 1277),)
((1276, 1277),)
((1276, 1278),)
((1277, 1278),)
((1277, 1279),)
((1278, 1279),)
((1278, 1280),)
((1279, 1280),)
((1279, 1281),)
((1280, 1281),)
((1280, 1282),)
((1281, 1282),)
((1281, 1283),)
((1282, 1283),)
((1282, 1284),)
((1283, 1284),)
((1283, 1285),)
((1284, 1285),)
((1284, 1286),)
((1285, 1286),)
((1285, 1287),)
((1286, 1287),)
((1286, 1288),)
((1287, 1288),)
((1287, 1289),)
((1288, 1289),)
((1288, 1290),)
((1289, 1290),)
((1289, 1291),)
((1290, 1291),)
((1290, 1292),)
((1291, 1292),)
((1291, 1293),)
((1292, 1293),)
((1292, 1294),)
((1293, 1294),)
((1293, 1295),)
((1294, 1295),)
((1294, 1296),)
((1295, 1296),)
((1295, 1297),)
((1296, 1297),)
((1296, 1298),)
((1297, 1298),)
((1297, 1299),)
((1298, 1299),)
((1298, 1300),)
((1299, 1300),)
((1299, 1301),)
((1300, 1301),)
((1300, 1302),)
((1301, 1302),)
((1301, 1303),)
((1302, 1303),)
((1302, 1304),)
((1303, 1304),)
((1303, 1305),)
((1304, 1305),)
((1304, 1306),)
((1305, 1306),)
((1305, 1307),)
((1306, 1307),)
((1306, 1308),)
((1307, 1308),)
((1307, 1309),)
((1308, 1309),)
((1308, 1310),)
((1309, 1310),)
((1309, 1311),)
((1310, 1311),)
((1310, 1312),)
((1311, 1312),)
((1311, 1313),)
((1312, 1313),)
((1312, 1314),)
((1313, 1314),)
((1313, 1315),)
((1314, 1315),)
((1314, 1316),)
((1315, 1316),)
((1315, 1317),)
((1316, 1317),)
((1316, 1318),)
((1317, 1318),)
((1317, 1319),)
((1318, 1319),)
((1318, 1320),)
((1319, 1320),)
((1319, 1321),)
((1320, 1321),)
((1320, 1322),)
((1321, 1322),)
((1321, 1323),)
((1322, 1323),)
((1322, 1324),)
((1323, 1324),)
((1323, 1325),)
((1324, 1325),)
((1324, 1326),)
((1325, 1326),)
((1325, 1327),)
((1326, 1327),)
((1326, 1328),)
((1327, 1328),)
((1327, 1329),)
((1328, 1329),)
((1328, 1330),)
((1329, 1330),)
((1329, 1331),)
((1330, 1331),)
((1330, 1332),)
((1331, 1332),)
((1331, 1333),)
((1332, 1333),)
((1332, 1334),)
((1333, 1334),)
((1333, 1335),)
((1334, 1335),)
((1334, 1336),)
((1335, 1336),)
((1335, 1337),)
((1336, 1337),)
((1336, 1338),)
((1337, 1338),)
((1337, 1339),)
((1338, 1339),)
((1338, 1340),)
((1339, 1340),)
((1339, 1341),)
((1340, 1341),)
((1340, 1342),)
((1341, 1342),)
((1341, 1343),)
((1342, 1343),)
((1342, 1344),)
((1343, 1344),)
((1343, 1345),)
((1344, 1345),)
((1344, 1346),)
((1345, 1346),)
((1345, 1347),)
((1346, 1347),)
((1346, 1348),)
((1347, 1348),)
((1347, 1349),)
((1348, 1349),)
((1348, 1350),)
((1349, 1350),)
((1349, 1351),)
((1350, 1351),)
((1350, 1352),)
((1351, 1352),)
((1351, 1353),)
((1352, 1353),)
((1352, 1354),)
((1353, 1354),)
((1353, 1355),)
((1354, 1355),)
((1354, 1356),)
((1355, 1356),)
((1355, 1357),)
((1356, 1357),)
((1356, 1358),)
((1357, 1358),)
((1357, 1359),)
((1358, 1359),)
((1358, 1360),)
((1359, 1360),)
((1359, 1361),)
((1360, 1361),)
((1360, 1362),)
((1361, 1362),)
((1361, 1363),)
((1362, 1363),)
((1362, 1364),)
((1363, 1364),)
((1363, 1365),)
((1364, 1365),)
((1364, 1366),)
((1365, 1366),)
((1365, 1367),)
((1366, 1367),)
((1366, 1368),)
((1367, 1368),)
((1367, 1369),)
((1368, 1369),)
((1368, 1370),)
((1369, 1370),)
((1369, 1371),)
((1370, 1371),)
((1370, 1372),)
((1371, 1372),)
((1371, 1373),)
((1372, 1373),)
((1372, 1374),)
((1373, 1374),)
((1373, 1375),)
((1374, 1375),)
((1374, 1376),)
((1375, 1376),)
((1375, 1377),)
((1376, 1377),)
((1376, 1378),)
((1377, 1378),)
((1377, 1379),)
((1378, 1379),)
((1378, 1380),)
((1379, 1380),)
((1379, 1381),)
((1380, 1381),)
((1380, 1382),)
((1381, 1382),)
((1381, 1383),)
((1382, 1383),)
((1382, 1384),)
((1383, 1384),)
((1383, 1385),)
((1384, 1385),)
((1384, 1386),)
((1385, 1386),)
((1385, 1387),)
((1386, 1387),)
((1386, 1388),)
((1387, 1388),)
((1387, 1389),)
((1388, 1389),)
((1388, 1390),)
((1389, 1390),)
((1389, 1391),)
((1390, 1391),)
((1390, 1392),)
((1391, 1392),)
((1391, 1393),)
((1392, 1393),)
((1392, 1394),)
((1393, 1394),)
((1393, 1395),)
((1394, 1395),)
((1394, 1396),)
((1395, 1396),)
((1395, 1397),)
((1396, 1397),)
((1396, 1398),)
((1397, 1398),)
((1397, 1399),)
((1398, 1399),)
((1398, 1400),)
((1399, 1400),)
((1399, 1401),)
((1400, 1401),)
((1400, 1402),)
((1401, 1402),)
((1401, 1403),)
((1402, 1403),)
((1402, 1404),)
((1403, 1404),)
((1403, 1405),)
((1404, 1405),)
((1404, 1406),)
((1405, 1406),)
((1405, 1407),)
((1406, 1407),)
((1406, 1408),)
((1407, 1408),)
((1407, 1409),)
((1408, 1409),)
((1408, 1410),)
((1409, 1410),)
((1409, 1411),)
((1410, 1411),)
((1410, 1412),)
((1411, 1412),)
((1411, 1413),)
((1412, 1413),)
((1412, 1414),)
((1413, 1414),)
((1413, 1415),)
((1414, 1415),)
((1414, 1416),)
((1415, 1416),)
((1415, 1417),)
((1416, 1417),)
((1416, 1418),)
((1417, 1418),)
((1417, 1419),)
((1418, 1419),)
((1418, 1420),)
((1419, 1420),)
((1419, 1421),)
((1420, 1421),)
((1420, 1422),)
((1421, 1422),)
((1421, 1423),)
((1422, 1423),)
((1422, 1424),)
((1423, 1424),)
((1423, 1425),)
((1424, 1425),)
((1424, 1426),)
((1425, 1426),)
((1425, 1427),)
((1426, 1427),)
((1426, 1428),)
((1427, 1428),)
((1427, 1429),)
((1428, 1429),)
((1428, 1430),)
((1429, 1430),)
((1429, 1431),)
((1430, 1431),)
((1430, 1432),)
((1431, 1432),)
((1431, 1433),)
((1432, 1433),)
((1432, 1434),)
((1433, 1434),)
((1433, 1435),)
((1434, 1435),)
((1434, 1436),)
((1435, 1436),)
((1435, 1437),)
((1436, 1437),)
((1436, 1438),)
((1437, 1438),)
((1437, 1439),)
((1438, 1439),)
((1438, 1440),)
((1439, 1440),)
((1439, 1441),)
((1440, 1441),)
((1440, 1442),)
((1441, 1442),)
((1441, 1443),)
((1442, 1443),)
((1442, 1444),)
((1443, 1444),)
((1443, 1445),)
((1444, 1445),)
((1444, 1446),)
((1445, 1446),)
((1445, 1447),)
((1446, 1447),)
((1446, 1448),)
((1447, 1448),)
((1447, 1449),)
((1448, 1449),)
((1448, 1450),)
((1449, 1450),)
((1449, 1451),)
((1450, 1451),)
((1450, 1452),)
((1451, 1452),)
((1451, 1453),)
((1452, 1453),)
((1452, 1454),)
((1453, 1454),)
((1453, 1455),)
((1454, 1455),)
((1454, 1456),)
((1455, 1456),)
((1455, 1457),)
((1456, 1457),)
((1456, 1458),)
((1457, 1458),)
((1457, 1459),)
((1458, 1459),)
((1458, 1460),)
((1459, 1460),)
((1459, 1461),)
((1460, 1461),)
((1460, 1462),)
((1461, 1462),)
((1461, 1463),)
((1462, 1463),)
((1462, 1464),)
((1463, 1464),)
((1463, 1465),)
((1464, 1465),)
((1464, 1466),)
((1465, 1466),)
((1465, 1467),)
((1466, 1467),)
((1466, 1468),)
((1467, 1468),)
((1467, 1469),)
((1468, 1469),)
((1468, 1470),)
((1469, 1470),)
((1469, 1471),)
((1470, 1471),)
((1470, 1472),)
((1471, 1472),)
((1471, 1473),)
((1472, 1473),)
((1472, 1474),)
((1473, 1474),)
((1473, 1475),)
((1474, 1475),)
((1474, 1476),)
((1475, 1476),)
((1475, 1477),)
((1476, 1477),)
((1476, 1478),)
((1477, 1478),)
((1477, 1479),)
((1478, 1479),)
((1478, 1480),)
((1479, 1480),)
((1479, 1481),)
((1480, 1481),)
((1480, 1482),)
((1481, 1482),)
((1481, 1483),)
((1482, 1483),)
((1482, 1484),)
((1483, 1484),)
((1483, 1485),)
((1484, 1485),)
((1484, 1486),)
((1485, 1486),)
((1485, 1487),)
((1486, 1487),)
((1486, 1488),)
((1487, 1488),)
((1487, 1489),)
((1488, 1489),)
((1488, 1490),)
((1489, 1490),)
((1489, 1491),)
((1490, 1491),)
((1490, 1492),)
((1491, 1492),)
((1491, 1493),)
((1492, 1493),)
((1492, 1494),)
((1493, 1494),)
((1493, 1495),)
((1494, 1495),)
((1494, 1496),)
((1495, 1496),)
((1495, 1497),)
((1496, 1497),)
((1496, 1498),)
((1497, 1498),)
((1497, 1499),)
((1498, 1499),)
((1498, 1500),)
((1499, 1500),)
((1499, 1501),)
((1500, 1501),)
((1500, 1502),)
((1501, 1502),)
((1501, 1503),)
((1502, 1503),)
((1502, 1504),)
((1503, 1504),)
((1503, 1505),)
((1504, 1505),)
((1504, 1506),)
((1505, 1506),)
((1505, 1507),)
((1506, 1507),)
((1506, 1508),)
((1507, 1508),)
((1507, 1509),)
((1508, 1509),)
((1508, 1510),)
((1509, 1510),)
((1509, 1511),)
((1510, 1511),)
((1510, 1512),)
((1511, 1512),)
((1511, 1513),)
((1512, 1513),)
((1512, 1514),)
((1513, 1514),)
((1513, 1515),)
((1514, 1515),)
((1514, 1516),)
((1515, 1516),)
((1515, 1517),)
((1516, 1517),)
((1516, 1518),)
((1517, 1518),)
((1517, 1519),)
((1518, 1519),)
((1518, 1520),)
((1519, 1520),)
((1519, 1521),)
((1520, 1521),)
((1520, 1522),)
((1521, 1522),)
((1521, 1523),)
((1522, 1523),)
((1522, 1524),)
((1523, 1524),)
((1523, 1525),)
((1524, 1525),)
((1524, 1526),)
((1525, 1526),)
((1525, 1527),)
((1526, 1527),)
((1526, 1528),)
((1527, 1528),)
((1527, 1529),)
((1528, 1529),)
((1528, 1530),)
((1529, 1530),)
((1529, 1531),)
((1530, 1531),)
((1530, 1532),)
((1531, 1532),)
((1531, 1533),)
((1532, 1533),)
((1532, 1534),)
((1533, 1534),)
((1533, 1535),)
((1534, 1535),)
((1534, 1536),)
((1535, 1536),)
((1535, 1537),)
((1536, 1537),)
((1536, 1538),)
((1537, 1538),)
((1537, 1539),)
((1538, 1539),)
((1538, 1540),)
((1539, 1540),)
((1539, 1541),)
((1540, 1541),)
((1540, 1542),)
((1541, 1542),)
((1541, 1543),)
((1542, 1543),)
((1542, 1544),)
((1543, 1544),)
((1543, 1545),)
((1544, 1545),)
((1544, 1546),)
((1545, 1546),)
((1545, 1547),)
((1546, 1547),)
((1546, 1548),)
((1547, 1548),)
((1547, 1549),)
((1548, 1549),)
((1548, 1550),)
((1549, 1550),)
((1549, 1551),)
((1550, 1551),)
((1550, 1552),)
((1551, 1552),)
((1551, 1553),)
((1552, 1553),)
((1552, 1554),)
((1553, 1554),)
((1553, 1555),)
((1554, 1555),)
((1554, 1556),)
((1555, 1556),)
((1555, 1557),)
((1556, 1557),)
((1556, 1558),)
((1557, 1558),)
((1557, 1559),)
((1558, 1559),)
((1558, 1560),)
((1559, 1560),)
((1559, 1561),)
((1560, 1561),)
((1560, 1562),)
((1561, 1562),)
((1561, 1563),)
((1562, 1563),)
((1562, 1564),)
((1563, 1564),)
((1563, 1565),)
((1564, 1565),)
((1564, 1566),)
((1565, 1566),)
((1565, 1567),)
((1566, 1567),)
((1566, 1568),)
((1567, 1568),)
((1567, 1569),)
((1568, 1569),)
((1568, 1570),)
((1569, 1570),)
((1569, 1571),)
((1570, 1571),)
((1570, 1572),)
((1571, 1572),)
((1571, 1573),)
((1572, 1573),)
((1572, 1574),)
((1573, 1574),)
((1573, 1575),)
((1574, 1575),)
((1574, 1576),)
((1575, 1576),)
((1575, 1577),)
((1576, 1577),)
((1576, 1578),)
((1577, 1578),)
((1577, 1579),)
((1578, 1579),)
((1578, 1580),)
((1579, 1580),)
((1579, 1581),)
((1580, 1581),)
((1580, 1582),)
((1581, 1582),)
((1581, 1583),)
((1582, 1583),)
((1582, 1584),)
((1583, 1584),)
((1583, 1585),)
((1584, 1585),)
((1584, 1586),)
((1585, 1586),)
((1585, 1587),)
((1586, 1587),)
((1586, 1588),)
((1587, 1588),)
((1587, 1589),)
((1588, 1589),)
((1588, 1590),)
((1589, 1590),)
((1589, 1591),)
((1590, 1591),)
((1590, 1592),)
((1591, 1592),)
((1591, 1593),)
((1592, 1593),)
((1592, 1594),)
((1593, 1594),)
((1593, 1595),)
((1594, 1595),)
((1594, 1596),)
((1595, 1596),)
((1595, 1597),)
((1596, 1597),)
((1596, 1598),)
((1597, 1598),)
((1597, 1599),)
((1598, 1599),)
((1598, 1600),)
((1599, 1600),)
((1599, 1601),)
((1600, 1601),)
((1600, 1602),)
((1601, 1602),)
((1601, 1603),)
((1602, 1603),)
((1602, 1604),)
((1603, 1604),)
((1603, 1605),)
((1604, 1605),)
((1604, 1606),)
((1605, 1606),)
((1605, 1607),)
((1606, 1607),)
((1606, 1608),)
((1607, 1608),)
((1607, 1609),)
((1608, 1609),)
((1608, 1610),)
((1609, 1610),)
((1609, 1611),)
((1610, 1611),)
((1610, 1612),)
((1611, 1612),)
((1611, 1613),)
((1612, 1613),)
((1612, 1614),)
((1613, 1614),)
((1613, 1615),)
((1614, 1615),)
((1614, 1616),)
((1615, 1616),)
((1615, 1617),)
((1616, 1617),)
((1616, 1618),)
((1617, 1618),)
((1617, 1619),)
((1618, 1619),)
((1618, 1620),)
((1619, 1620),)
((1619, 1621),)
((1620, 1621),)
((1620, 1622),)
((1621, 1622),)
((1621, 1623),)
((1622, 1623),)
((1622, 1624),)
((1623, 1624),)
((1623, 1625),)
((1624, 1625),)
((1624, 1626),)
((1625, 1626),)
((1625, 1627),)
((1626, 1627),)
((1626, 1628),)
((1627, 1628),)
((1627, 1629),)
((1628, 1629),)
((1628, 1630),)
((1629, 1630),)
((1629, 1631),)
((1630, 1631),)
((1630, 1632),)
((1631, 1632),)
((1631, 1633),)
((1632, 1633),)
((1632, 1634),)
((1633, 1634),)
((1633, 1635),)
((1634, 1635),)
((1634, 1636),)
((1635, 1636),)
((1635, 1637),)
((1636, 1637),)
((1636, 1638),)
((1637, 1638),)
((1637, 1639),)
((1638, 1639),)
((1638, 1640),)
((1639, 1640),)
((1639, 1641),)
((1640, 1641),)
((1640, 1642),)
((1641, 1642),)
((1641, 1643),)
((1642, 1643),)
((1642, 1644),)
((1643, 1644),)
((1643, 1645),)
((1644, 1645),)
((1644, 1646),)
((1645, 1646),)
((1645, 1647),)
((1646, 1647),)
((1646, 1648),)
((1647, 1648),)
((1647, 1649),)
((1648, 1649),)
((1648, 1650),)
((1649, 1650),)
((1649, 1651),)
((1650, 1651),)
((1650, 1652),)
((1651, 1652),)
((1651, 1653),)
((1652, 1653),)
((1652, 1654),)
((1653, 1654),)
((1653, 1655),)
((1654, 1655),)
((1654, 1656),)
((1655, 1656),)
((1655, 1657),)
((1656, 1657),)
((1656, 1658),)
((1657, 1658),)
((1657, 1659),)
((1658, 1659),)
((1658, 1660),)
((1659, 1660),)
((1659, 1661),)
((1660, 1661),)
((1660, 1662),)
((1661, 1662),)
((1661, 1663),)
((1662, 1663),)
((1662, 1664),)
((1663, 1664),)
((1663, 1665),)
((1664, 1665),)
((1664, 1666),)
((1665, 1666),)
((1665, 1667),)
((1666, 1667),)
((1666, 1668),)
((1667, 1668),)
((1667, 1669),)
((1668, 1669),)
((1668, 1670),)
((1669, 1670),)
((1669, 1671),)
((1670, 1671),)
((1670, 1672),)
((1671, 1672),)
((1671, 1673),)
((1672, 1673),)
((1672, 1674),)
((1673, 1674),)
((1673, 1675),)
((1674, 1675),)
((1674, 1676),)
((1675, 1676),)
((1675, 1677),)
((1676, 1677),)
((1676, 1678),)
((1677, 1678),)
((1677, 1679),)
((1678, 1679),)
((1678, 1680),)
((1679, 1680),)
((1679, 1681),)
((1680, 1681),)
((1680, 1682),)
((1681, 1682),)
((1681, 1683),)
((1682, 1683),)
((1682, 1684),)
((1683, 1684),)
((1683, 1685),)
((1684, 1685),)
((1684, 1686),)
((1685, 1686),)
((1685, 1687),)
((1686, 1687),)
((1686, 1688),)
((1687, 1688),)
((1687, 1689),)
((1688, 1689),)
((1688, 1690),)
((1689, 1690),)
((1689, 1691),)
((1690, 1691),)
((1690, 1692),)
((1691, 1692),)
((1691, 1693),)
((1692, 1693),)
((1692, 1694),)
((1693, 1694),)
((1693, 1695),)
((1694, 1695),)
((1694, 1696),)
((1695, 1696),)
((1695, 1697),)
((1696, 1697),)
((1696, 1698),)
((1697, 1698),)
((1697, 1699),)
((1698, 1699),)
((1698, 1700),)
((1699, 1700),)
((1699, 1701),)
((1700, 1701),)
((1700, 1702),)
((1701, 1702),)
((1701, 1703),)
((1702, 1703),)
((1702, 1704),)
((1703, 1704),)
((1703, 1705),)
((1704, 1705),)
((1704, 1706),)
((1705, 1706),)
((1705, 1707),)
((1706, 1707),)
((1706, 1708),)
((1707, 1708),)
((1707, 1709),)
((1708, 1709),)
((1708, 1710),)
((1709, 1710),)
((1709, 1711),)
((1710, 1711),)
((1710, 1712),)
((1711, 1712),)
((1711, 1713),)
((1712, 1713),)
((1712, 1714),)
((1713, 1714),)
((1713, 1715),)
((1714, 1715),)
((1714, 1716),)
((1715, 1716),)
((1715, 1717),)
((1716, 1717),)
((1716, 1718),)
((1717, 1718),)
((1717, 1719),)
((1718, 1719),)
((1718, 1720),)
((1719, 1720),)
((1719, 1721),)
((1720, 1721),)
((1720, 1722),)
((1721, 1722),)
((1721, 1723),)
((1722, 1723),)
((1722, 1724),)
((1723, 1724),)
((1723, 1725),)
((1724, 1725),)
((1724, 1726),)
((1725, 1726),)
((1725, 1727),)
((1726, 1727),)
((1726, 1728),)
((1727, 1728),)
((1727, 1729),)
((1728, 1729),)
((1728, 1730),)
((1729, 1730),)
((1729, 1731),)
((1730, 1731),)
((1730, 1732),)
((1731, 1732),)
((1731, 1733),)
((1732, 1733),)
((1732, 1734),)
((1733, 1734),)
((1733, 1735),)
((1734, 1735),)
((1734, 1736),)
((1735, 1736),)
((1735, 1737),)
((1736, 1737),)
((1736, 1738),)
((1737, 1738),)
((1737, 1739),)
((1738, 1739),)
((1738, 1740),)
((1739, 1740),)
((1739, 1741),)
((1740, 1741),)
((1740, 1742),)
((1741, 1742),)
((1741, 1743),)
((1742, 1743),)
((1742, 1744),)
((1743, 1744),)
((1743, 1745),)
((1744, 1745),)
((1744, 1746),)
((1745, 1746),)
((1745, 1747),)
((1746, 1747),)
((1746, 1748),)
((1747, 1748),)
((1747, 1749),)
((1748, 1749),)
((1748, 1750),)
((1749, 1750),)
((1749, 1751),)
((1750, 1751),)
((1750, 1752),)
((1751, 1752),)
((1751, 1753),)
((1752, 1753),)
((1752, 1754),)
((1753, 1754),)
((1753, 1755),)
((1754, 1755),)
((1754, 1756),)
((1755, 1756),)
((1755, 1757),)
((1756, 1757),)
((1756, 1758),)
((1757, 1758),)
((1757, 1759),)
((1758, 1759),)
((1758, 1760),)
((1759, 1760),)
((1759, 1761),)
((1760, 1761),)
((1760, 1762),)
((1761, 1762),)
((1761, 1763),)
((1762, 1763),)
((1762, 1764),)
((1763, 1764),)
((1763, 1765),)
((1764, 1765),)
((1764, 1766),)
((1765, 1766),)
((1765, 1767),)
((1766, 1767),)
((1766, 1768),)
((1767, 1768),)
((1767, 1769),)
((1768, 1769),)
((1768, 1770),)
((1769, 1770),)
((1769, 1771),)
((1770, 1771),)
((1770, 1772),)
((1771, 1772),)
((1771, 1773),)
((1772, 1773),)
((1772, 1774),)
((1773, 1774),)
((1773, 1775),)
((1774, 1775),)
((1774, 1776),)
((1775, 1776),)
((1775, 1777),)
((1776, 1777),)
((1776, 1778),)
((1777, 1778),)
((1777, 1779),)
((1778, 1779),)
((1778, 1780),)
((1779, 1780),)
((1779, 1781),)
((1780, 1781),)
((1780, 1782),)
((1781, 1782),)
((1781, 1783),)
((1782, 1783),)
((1782, 1784),)
((1783, 1784),)
((1783, 1785),)
((1784, 1785),)
((1784, 1786),)
((1785, 1786),)
((1785, 1787),)
((1786, 1787),)
((1786, 1788),)
((1787, 1788),)
((1787, 1789),)
((1788, 1789),)
((1788, 1790),)
((1789, 1790),)
((1789, 1791),)
((1790, 1791),)
((1790, 1792),)
((1791, 1792),)
((1791, 1793),)
((1792, 1793),)
((1792, 1794),)
((1793, 1794),)
((1793, 1795),)
((1794, 1795),)
((1794, 1796),)
((1795, 1796),)
((1795, 1797),)
((1796, 1797),)
((1796, 1798),)
((1797, 1798),)
((1797, 1799),)
((1798, 1799),)
((1798, 1800),)
((1799, 1800),)
((1799, 1801),)
((1800, 1801),)
((1800, 1802),)
((1801, 1802),)
((1801, 1803),)
((1802, 1803),)
((1802, 1804),)
((1803, 1804),)
((1803, 1805),)
((1804, 1805),)
((1804, 1806),)
((1805, 1806),)
((1805, 1807),)
((1806, 1807),)
((1806, 1808),)
((1807, 1808),)
((1807, 1809),)
((1808, 1809),)
((1808, 1810),)
((1809, 1810),)
((1809, 1811),)
((1810, 1811),)
((1810, 1812),)
((1811, 1812),)
((1811, 1813),)
((1812, 1813),)
((1812, 1814),)
((1813, 1814),)
((1813, 1815),)
((1814, 1815),)
((1814, 1816),)
((1815, 1816),)
((1815, 1817),)
((1816, 1817),)
((1816, 1818),)
((1817, 1818),)
((1817, 1819),)
((1818, 1819),)
((1818, 1820),)
((1819, 1820),)
((1819, 1821),)
((1820, 1821),)
((1820, 1822),)
((1821, 1822),)
((1821, 1823),)
((1822, 1823),)
((1822, 1824),)
((1823, 1824),)
((1823, 1825),)
((1824, 1825),)
((1824, 1826),)
((1825, 1826),)
((1825, 1827),)
((1826, 1827),)
((1826, 1828),)
((1827, 1828),)
((1827, 1829),)
((1828, 1829),)
((1828, 1830),)
((1829, 1830),)
((1829, 1831),)
((1830, 1831),)
((1830, 1832),)
((1831, 1832),)
((1831, 1833),)
((1832, 1833),)
((1832, 1834),)
((1833, 1834),)
((1833, 1835),)
((1834, 1835),)
((1834, 1836),)
((1835, 1836),)
((1835, 1837),)
((1836, 1837),)
((1836, 1838),)
((1837, 1838),)
((1837, 1839),)
((1838, 1839),)
((1838, 1840),)
((1839, 1840),)
((1839, 1841),)
((1840, 1841),)
((1840, 1842),)
((1841, 1842),)
((1841, 1843),)
((1842, 1843),)
((1842, 1844),)
((1843, 1844),)
((1843, 1845),)
((1844, 1845),)
((1844, 1846),)
((1845, 1846),)
((1845, 1847),)
((1846, 1847),)
((1846, 1848),)
((1847, 1848),)
((1847, 1849),)
((1848, 1849),)
((1848, 1850),)
((1849, 1850),)
((1849, 1851),)
((1850, 1851),)
((1850, 1852),)
((1851, 1852),)
((1851, 1853),)
((1852, 1853),)
((1852, 1854),)
((1853, 1854),)
((1853, 1855),)
((1854, 1855),)
((1854, 1856),)
((1855, 1856),)
((1855, 1857),)
((1856, 1857),)
((1856, 1858),)
((1857, 1858),)
((1857, 1859),)
((1858, 1859),)
((1858, 1860),)
((1859, 1860),)
((1859, 1861),)
((1860, 1861),)
((1860, 1862),)
((1861, 1862),)
((1861, 1863),)
((1862, 1863),)
((1862, 1864),)
((1863, 1864),)
((1863, 1865),)
((1864, 1865),)
((1864, 1866),)
((1865, 1866),)
((1865, 1867),)
((1866, 1867),)
((1866, 1868),)
((1867, 1868),)
((1867, 1869),)
((1868, 1869),)
((1868, 1870),)
((1869, 1870),)
((1869, 1871),)
((1870, 1871),)
((1870, 1872),)
((1871, 1872),)
((1871, 1873),)
((1872, 1873),)
((1872, 1874),)
((1873, 1874),)
((1873, 1875),)
((1874, 1875),)
((1874, 1876),)
((1875, 1876),)
((1875, 1877),)
((1876, 1877),)
((1876, 1878),)
((1877, 1878),)
((1877, 1879),)
((1878, 1879),)
((1878, 1880),)
((1879, 1880),)
((1879, 1881),)
((1880, 1881),)
((1880, 1882),)
((1881, 1882),)
((1881, 1883),)
((1882, 1883),)
((1882, 1884),)
((1883, 1884),)
((1883, 1885),)
((1884, 1885),)
((1884, 1886),)
((1885, 1886),)
((1885, 1887),)
((1886, 1887),)
((1886, 1888),)
((1887, 1888),)
((1887, 1889),)
((1888, 1889),)
((1888, 1890),)
((1889, 1890),)
((1889, 1891),)
((1890, 1891),)
((1890, 1892),)
((1891, 1892),)
((1891, 1893),)
((1892, 1893),)
((1892, 1894),)
((1893, 1894),)
((1893, 1895),)
((1894, 1895),)
((1894, 1896),)
((1895, 1896),)
((1895, 1897),)
((1896, 1897),)
((1896, 1898),)
((1897, 1898),)
((1897, 1899),)
((1898, 1899),)
((1898, 1900),)
((1899, 1900),)
((1899, 1901),)
((1900, 1901),)
((1900, 1902),)
((1901, 1902),)
((1901, 1903),)
((1902, 1903),)
((1902, 1904),)
((1903, 1904),)
((1903, 1905),)
((1904, 1905),)
((1904, 1906),)
((1905, 1906),)
((1905, 1907),)
((1906, 1907),)
((1906, 1908),)
((1907, 1908),)
((1907, 1909),)
((1908, 1909),)
((1908, 1910),)
((1909, 1910),)
((1909, 1911),)
((1910, 1911),)
((1910, 1912),)
((1911, 1912),)
((1911, 1913),)
((1912, 1913),)
((1912, 1914),)
((1912,1915),)
((1913, 1914),)
((1913, 1915),)
((1914, 1915),)
((1914, 1916),)
((1915, 1916),)
((1915, 1917),)
((1916, 1917),)
((1916, 1918),)
((1917, 1918),)
((1917, 1919),)
((1918, 1919),)
((1918, 1920),)
((1919, 1920),)
((1919, 1921),)
((1920, 1921),)
((1920, 1922),)
((1921, 1922),)
((1921, 1923),)
((1922, 1923),)
((1922, 1924),)
((1923, 1924),)
((1923, 1925),)
((1924, 1925),)
((1924, 1926),)
((1925, 1926),)
((1925, 1927),)
((1926, 1927),)
((1926, 1928),)
((1927, 1928),)
((1927, 1929),)
((1928, 1929),)
((1928, 1930),)
((1929, 1930),)
((1929, 1931),)
((1930, 1931),)
((1930, 1932),)
((1931, 1932),)
((1931, 1933),)
((1932, 1933),)
((1932, 1934),)
((1933, 1934),)
((1933, 1935),)
((1934, 1935),)
((1934, 1936),)
((1935, 1936),)
((1935, 1937),)
((1936, 1937),)
((1936, 1938),)
((1937, 1938),)
((1937, 1939),)
((1938, 1939),)
((1938, 1940),)
((1939, 1940),)
((1939, 1941),)
((1940, 1941),)
((1940, 1942),)
((1941, 1942),)
((1941, 1943),)
((1942, 1943),)
((1942, 1944),)
((1943, 1944),)
((1943, 1945),)
((1944, 1945),)
((1944, 1946),)
((1945, 1946),)
((1945, 1947),)
((1946, 1947),)
((1946, 1948),)
((1947, 1948),)
((1947, 1949),)
((1948, 1949),)
((1948, 1950),)
((1949, 1950),)
((1949, 1951),)
((1950, 1951),)
((1950, 1952),)
((1951, 1952),)
((1951, 1953),)
((1952, 1953),)
((1952, 1954),)
((1953, 1954),)
((1953, 1955),)
((1954, 1955),)
((1954, 1956),)
((1955, 1956),)
((1955, 1957),)
((1956, 1957),)
((1956, 1958),)
((1957, 1958),)
((1957, 1959),)
((1958, 1959),)
((1958, 1960),)
((1959, 1960),)
((1959, 1961),)
((1960, 1961),)
((1960, 1962),)
((1961, 1962),)
((1961, 1963),)
((1962, 1963),)
((1962, 1964),)
((1963, 1964),)
((1963, 1965),)
((1964, 1965),)
((1964, 1966),)
((1965, 1966),)
((1965, 1967),)
((1966, 1967),)
((1966, 1968),)
((1967, 1968),)
((1967, 1969),)
((1968, 1969),)
((1968, 1970),)
((1969, 1970),)
((1969, 1971),)
((1970, 1971),)
((1970, 1972),)
((1971, 1972),)
((1971, 1973),)
((1972, 1973),)
((1972, 1974),)
((1973, 1974),)
((1973, 1975),)
((1974, 1975),)
((1974, 1976),)
((1975, 1976),)
((1975, 1977),)
((1976, 1977),)
((1976, 1978),)
((1977, 1978),)
((1977, 1979),)
((1978, 1979),)
((1978, 1980),)
((1979, 1980),)
((1979, 1981),)
((1980, 1981),)
((1980, 1982),)
((1981, 1982),)
((1981, 1983),)
((1982, 1983),)
((1982, 1984),)
((1983, 1984),)
((1983, 1985),)
((1984, 1985),)
((1984, 1986),)
((1985, 1986),)
((1985, 1987),)
((1986, 1987),)
((1986, 1988),)
((1987, 1988),)
((1987, 1989),)
((1988, 1989),)
((1988, 1990),)
((1989, 1990),)
((1989, 1991),)
((1990, 1991),)
((1990, 1992),)
((1991, 1992),)
((1991, 1993),)
((1992, 1993),)
((1992, 1994),)
((1993, 1994),)
((1993, 1995),)
((1994, 1995),)
((1994, 1996),)
((1995, 1996),)
((1995, 1997),)
((1996, 1997),)
((1996, 1998),)
((1997, 1998),)
((1997, 1999),)
((1998, 1999),)
((1998, 2000),)
((1999, 2000),)
((1999, 2001),)
((2000, 2001),)
((2000, 2002),)
((2001, 2002),)
((2001, 2003),)
((2002, 2003),)
((2002, 2004),)
((2003, 2004),)
((2003, 2005),)
((2004, 2005),)
((2004, 2006),)
((2005, 2006),)
((2005, 2007),)
((2006, 2007),)
((2006, 2008),)
((2007, 2008),)
((2007, 2009),)
((2008, 2009),)
((2008, 2010),)
((2009, 2010),)
((2009, 2011),)
((2010, 2011),)
((2010, 2012),)
((2011, 2012),)
((2011, 2013),)
((2012, 2013),)
((2012, 2014),)
((2013, 2014),)
((2013, 2015),)
((2014, 2015),)
((2014, 2016),)
((2015, 2016),)
((2015, 2017),)
((2016, 2017),)
((2016, 2018),)
((2017, 2018),)
((2017, 2019),)
((2018, 2019),)
((2018, 2020),)
((2019, 2020),)
((2019, 2021),)
((2020, 2021),)
((2020, 2022),)
((2021, 2022),)
((2021, 2023),)
((2022, 2023),)
((2022, 2024),)
((2023, 2024),)
((2023, 2025),)
((2024, 2025),)
((2024, 2026),)
((2025, 2026),)
((2025, 2027),)
((2026, 2027),)
((2026, 2028),)
((2027, 2028),)
((2027, 2029),)
((2028, 2029),)
((2028, 2030),)
((2029, 2030),)
((2029, 2031),)
((2030, 2031),)
((2030, 2032),)
((2031, 2032),)
((2031, 2033),)
((2032, 2033),)
((2032, 2034),)
((2033, 2034),)
((2033, 2035),)
((2034, 2035),)
((2034, 2036),)
((2035, 2036),)
((2035, 2037),)
((2036, 2037),)
((2036, 2038),)
((2037, 2038),)
((2037, 2039),)
((2038, 2039),)
((2038, 2040),)
((2039, 2040),)
((2039, 2041),)
((2040, 2041),)
((2040, 2042),)
((2041, 2042),)
((2041, 2043),)
((2042, 2043),)
((2042, 2044),)
((2043, 2044),)
((2043, 2045),)
((2044, 2045),)
((2044, 2046),)
((2045, 2046),)
((2045, 2047),)
((2046, 2047),)
((2046, 2048),)
((2047, 2048),)
((2047, 2049),)
((2048, 2049),)
((2048, 2050),)
((2049, 2050),)
((2049, 2051),)
((2050, 2051),)
((2050, 2052),)
((2051, 2052),)
((2051, 2053),)
((2052, 2053),)
((2052, 2054),)
((2053, 2054),)
((2053, 2055),)
((2054, 2055),)
((2054, 2056),)
((2055, 2056),)
((2055, 2057),)
((2056, 2057),)
((2056, 2058),)
((2057, 2058),)
((2057, 2059),)
((2058, 2059),)
((2058, 2060),)
((2059, 2060),)
((2059, 2061),)
((2060, 2061),)
((2060, 2062),)
((2061, 2062),)
((2061, 2063),)
((2062, 2063),)
((2062, 2064),)
((2063, 2064),)
((2063, 2065),)
((2064, 2065),)
((2064, 2066),)
((2065, 2066),)
((2065, 2067),)
((2066, 2067),)
((2066, 2068),)
((2067, 2068),)
((2067, 2069),)
((2068, 2069),)
((2068, 2070),)
((2069, 2070),)
((2069, 2071),)
((2070, 2071),)
((2070, 2072),)
((2071, 2072),)
((2071, 2073),)
((2072, 2073),)
((2072, 2074),)
((2073, 2074),)
((2073, 2075),)
((2074, 2075),)
((2074, 2076),)
((2075, 2076),)
((2075, 2077),)
((2076, 2077),)
((2076, 2078),)
((2077, 2078),)
((2077, 2079),)
((2078, 2079),)
((2078, 2080),)
((2079, 2080),)
((2079, 2081),)
((2080, 2081),)
((2080, 2082),)
((2081, 2082),)
((2081, 2083),)
((2082, 2083),)
((2082, 2084),)
((2083, 2084),)
((2083, 2085),)
((2084, 2085),)
((2084, 2086),)
((2085, 2086),)
((2085, 2087),)
((2086, 2087),)
((2086, 2088),)
((2087, 2088),)
((2087, 2089),)
((2088, 2089),)
((2088, 2090),)
((2089, 2090),)
((2089, 2091),)
((2090, 2091),)
((2090, 2092),)
((2091, 2092),)
((2091, 2093),)
((2092, 2093),)
((2092, 2094),)
((2093, 2094),)
((2093, 2095),)
((2094, 2095),)
((2094, 2096),)
((2095, 2096),)
((2095, 2097),)
((2096, 2097),)
((2096, 2098),)
((2097, 2098),)
((2097, 2099),)
((2098, 2099),)
((2098, 2100),)
((2099, 2100),)
((2099, 2101),)
((2100, 2101),)
((2100, 2102),)
((2101, 2102),)
((2101, 2103),)
((2102, 2103),)
((2102, 2104),)
((2103, 2104),)
((2103, 2105),)
((2104, 2105),)
((2104, 2106),)
((2105, 2106),)
((2105, 2107),)
((2106, 2107),)
((2106, 2108),)
((2107, 2108),)
((2107, 2109),)
((2108, 2109),)
((2108, 2110),)
((2109, 2110),)
((2109, 2111),)
((2110, 2111),)
((2110, 2112),)
((2111, 2112),)
((2111, 2113),)
((2112, 2113),)
((2112, 2114),)
((2113, 2114),)
((2113, 2115),)
((2114, 2115),)
((2114, 2116),)
((2115, 2116),)
((2115, 2117),)
((2116, 2117),)
((2116, 2118),)
((2117, 2118),)
((2117, 2119),)
((2118, 2119),)
((2118, 2120),)
((2119, 2120),)
((2119, 2121),)
((2120, 2121),)
((2120, 2122),)
((2121, 2122),)
((2121, 2123),)
((2122, 2123),)
((2122, 2124),)
((2123, 2124),)
((2123, 2125),)
((2124, 2125),)
((2124, 2126),)
((2125, 2126),)
((2125, 2127),)
((2126, 2127),)
((2126, 2128),)
((2127, 2128),)
((2127, 2129),)
((2128, 2129),)
((2128, 2130),)
((2129, 2130),)
((2129, 2131),)
((2130, 2131),)
((2130, 2132),)
((2131, 2132),)
((2131, 2133),)
((2132, 2133),)
((2132, 2134),)
((2133, 2134),)
((2133, 2135),)
((2134, 2135),)
((2134, 2136),)
((2135, 2136),)
((2135, 2137),)
((2136, 2137),)
((2136, 2138),)
((2137, 2138),)
((2137, 2139),)
((2138, 2139),)
((2138, 2140),)
((2139, 2140),)
((2139, 2141),)
((2140, 2141),)
((2140, 2142),)
((2141, 2142),)
((2141, 2143),)
((2142, 2143),)
((2142, 2144),)
((2143, 2144),)
((2143, 2145),)
((2144, 2145),)
((2144, 2146),)
((2145, 2146),)
((2145, 2147),)
((2146, 2147),)
((2146, 2148),)
((2147, 2148),)
((2147, 2149),)
((2148, 2149),)
((2148, 2150),)
((2149, 2150),)
((2149, 2151),)
((2150, 2151),)
((2150, 2152),)
((2151, 2152),)
((2151, 2153),)
((2152, 2153),)
((2152, 2154),)
((2153, 2154),)
((2153, 2155),)
((2154, 2155),)
((2154, 2156),)
((2155, 2156),)
((2155, 2157),)
((2156, 2157),)
((2156, 2158),)
((2157, 2158),)
((2157, 2159),)
((2158, 2159),)
((2158, 2160),)
((2159, 2160),)
((2159, 2161),)
((2160, 2161),)
((2160, 2162),)
((2161, 2162),)
((2161, 2163),)
((2162, 2163),)
((2162, 2164),)
((2163, 2164),)
((2163, 2165),)
((2164, 2165),)
((2164, 2166),)
((2165, 2166),)
((2165, 2167),)
((2166, 2167),)
((2166, 2168),)
((2167, 2168),)
((2167, 2169),)
((2168, 2169),)
((2168, 2170),)
((2169, 2170),)
((2169, 2171),)
((2170, 2171),)
((2170, 2172),)
((2171, 2172),)
((2171, 2173),)
((2172, 2173),)
((2172, 2174),)
((2173, 2174),)
((2173, 2175),)
((2174, 2175),)
((2174, 2176),)
((2175, 2176),)
((376, 379),)
((503, 506),)
((541, 544),)
((757, 760),)
((863, 867),)
((863, 866),)
((864, 867),)
((1040, 1043),)
((1040, 1044),)
((1041, 1044),)
((1201, 1204),)
((1542, 1545),)
((2000, 2003),)
((2030, 2033),)
((1243, 1249),)
((1351, 1360),)
((1229, 1237),)
((66, 73),)
((864, 873),)
((804, 815),)
((826, 829), )
((541, 558), )
((375, 379), )
((463, 466), )
((467, 473), )
((1611, 1616), )